SHA-1, Source,Score
b6eef7bbbdfb4db269bbebcb4125c3f0b5ff5309,FireEye HX Alerts,2
bf1de825f6f64170016faa870472c830790bfe5f,FireEye HX Alerts,2
706d6d6856d7a777ebbbd64a7027b5c547118c1c,FireEye HX Alerts,2
8592aafe123e0018e85308c9f426cef2ef8ff44d,FireEye HX Alerts,2
e0356b0308549751e9d328ba1b054215e9cfde99,FireEye HX Alerts,2
43becebed3038bdc8f1e9cbf8fb75f19e3d6e906,FireEye HX Alerts,2
2572a9f4f19e11cbfea9e000896091e23c8a4198,FireEye HX Alerts,2
ed84120107cab0accf61065b736710c5385d3e9b,FireEye HX Alerts,2
526f0aa756590ed92cf9136efea3e7b26d42b52f,FireEye HX Alerts,2
51833a73ea87fa7abf1a9b9ae87b861237bf6d99,FireEye HX Alerts,2
32aadef87b53d2572a47d79179447a08459418b8,FireEye HX Alerts,2
5e3cba338279b64bf886d82e85f80814a4f10659,FireEye HX Alerts,2
5e6c40c29138b44648be98606f0aa892de73eba2,FireEye HX Alerts,2
6e628cce7a7ac88a0e8cba5d4a2edd9073614416,FireEye HX Alerts,2
b0edc58dd58c64c6b1c7be23903732c108e39e22,FireEye HX Alerts,2
183155a95f3ce9d32256b9ba33a5e68b32c98d3b,FireEye HX Alerts,2
e5496f71cd23e50b40ac4dd1f96a3c79e70b4f28,FireEye HX Alerts,2
c9af0a3dd1631325d56a2406115106cd3298faad,FireEye HX Alerts,2
020601ffbc660d6247b24039db76dfb9557794c0,VirusTotal,4
cccacf1f1cb2526873a0de108e34dff53e0b4fd0,FireEye HX Alerts,2
73e1eee60a81386bef391acbe01b2600c06ca9b4,FireEye HX Alerts,2
59b698f885c73c38f4a9b358d238623084bec0b6,FireEye HX Alerts,2
d150bf66f6c089c16175e31e6848687d2293ab09,FireEye HX Alerts,2
f12c8e6b4f5719719495ea008cfbd82e8da12e0b,FireEye HX Alerts,2
a2d99f8141ee24a57c2bbd2192eb7d155db616c9,FireEye HX Alerts,2
8a96e472c07b74fd18dac6c4718f43facb193c5d,FireEye HX Alerts,2
22e84d95ce545a7adacde99323b02f2ef6f8be54,FireEye HX Alerts,2
91d587ef810cbca6cf12732e12164ddc9eeb262e,FireEye HX Alerts,2
90fa3b6f5da5304dd16c85c7c73b73f4e49ec1a4,FireEye HX Alerts,2
5f407188e33c3ea6fe2e13cf1046b9d47b26f7a0,FireEye HX Alerts,2
d5e6aaadb96bcc47c77309d78d8c5c510af33de8,FireEye HX Alerts,2
054061b0d0870447bc412085e00300f709d4bc82,FireEye HX Alerts,2
19aae86e42c5cdc9538fe8b6d72804c87d873492,FireEye HX Alerts,2
18256c6ad34ed5bed996c05c1664f63f1f89d879,FireEye HX Alerts,2
89bf57897a7640a2be338a97ba95fd1f879b60a8,FireEye HX Alerts,2
e5a1f975a65655a1f9b3907aab1876b7ab3e4140,FireEye HX Alerts,2
2fa1a7ac0454dbec99b7e143691cf12df7456cb3,FireEye HX Alerts,2
eebb911b75a76a5767fef154e9ff2801de2c7ef5,FireEye HX Alerts,2
4983bb9ecb9f6cea1702554e9934d77673c139da,FireEye HX Alerts,2
ffd292622d1139617a4d902010bb3fa627043e4a,FireEye HX Alerts,2
7ad291122709a4125ee4e2694c8259887e5d2965,FireEye HX Alerts,2
8128ba2c646e22085daf9fa186de06d5c5558774,FireEye HX Alerts,2
fe13f8001dca9c41e91b43f0d803f6af61d8353d,FireEye HX Alerts,2
7b5956f56ed2537c21d1819bbd471ba500e0d6d6,FireEye HX Alerts,2
bc7f42e5602613eaf4a91ab3f556de8b69d3a247,FireEye HX Alerts,2
30b193d5da19caaec8d69bd311932cdb6c65ebff,FireEye HX Alerts,2
7ccb2b5107d8694ffd08ad1269f5f1a4d9dbcbf3,FireEye HX Alerts,2
da7d326b3fb6a4358d9aecc7a15948e5df4b06c7,FireEye HX Alerts,2
9b2e6687e74236d1b06cc301ebecb78258284351,FireEye HX Alerts,2
e1cdecbf70833a63ab60e295f61f22bd78727ef4,FireEye HX Alerts,2
09d16fb4678738852150553eebb2297f8167169a,FireEye HX Alerts,2
758f17a46bf35e9d896e67b95ad5636064bed1bf,FireEye HX Alerts,2
1ee86686ce03af578fa2653c8c17665000343bd2,FireEye HX Alerts,2
8cc2ee6655529b50b6d0573e06b9f5c8334e7e55,FireEye HX Alerts,2
f2fdb9f4d942fe4bf5f336a3e112b5055f521b75,FireEye HX Alerts,2
9fe1d741e317cb257725e70e3427e31f06d82a12,FireEye HX Alerts,2
d7b9431edef4563c639c178cd0b50a51e62b60ad,FireEye HX Alerts,2
4496f03abaedb26a6386864eebfd5d27408abb65,FireEye HX Alerts,2
d813d35bd5c8d3a24b9432f3d14173e74381c559,FireEye HX Alerts,2
9d49991efd30706b461e8b6c4dd05b27f20cf44f,FireEye HX Alerts,2
4f30108f6adfe6b64c58a08af2139e115ce949f9,FireEye HX Alerts,2
